{
  "tags": {
    "0": {
      "size": 0.025,
      "extrinsics": [
        0.009045084971874739,
        0.0,
        0.014635254915624212,
        -0.7752103155145976,
        0.12278125195658611,
        -2.7288542830709086
      ]
    },
    "1": {
      "size": 0.025,
      "extrinsics": [
        0.014635254915624212,
        0.009045084971874737,
        0.0,
        -1.792593509744266,
        0.06702416516408607,
        -1.489634429220009
      ]
    },
    "3": {
      "size": 0.025,
      "extrinsics": [
        0.0,
        0.014635254915624212,
        0.009045084971874737,
        -0.9823606736250241,
        -0.31918833166539623,
        -0.5724976258951061
      ]
    },
    "4": {
      "size": 0.025,
      "extrinsics": [
        -0.009045084971874739,
        0.0,
        0.014635254915624212,
        -0.08694784533700528,
        -0.5489670901942477,
        0.30606919877500727
      ]
    },
    "5": {
      "size": 0.025,
      "extrinsics": [
        0.0,
        -0.014635254915624212,
        0.009045084971874737,
        0.4055487109520442,
        -1.248150591219752,
        2.2386885087702852
      ]
    },
    "6": {
      "size": 0.025,
      "extrinsics": [
        0.014635254915624212,
        -0.009045084971874737,
        0.0,
        -1.1930500469036465,
        1.5192984966930032,
        -1.8136114751103667
      ]
    },
    "7": {
      "size": 0.025,
      "extrinsics": [
        0.009045084971874737,
        0.0,
        -0.014635254915624212,
        -1.1930500469036462,
        2.3414925556465094,
        -0.33892051657814753
      ]
    },
    "8": {
      "size": 0.025,
      "extrinsics": [
        0.0,
        0.014635254915624212,
        -0.009045084971874737,
        -2.124370685691942,
        0.0,
        0.0
      ]
    },
    "9": {
      "size": 0.025,
      "extrinsics": [
        -0.014635254915624212,
        0.009045084971874737,
        0.0,
        -1.256485245899542,
        -0.9866723259564266,
        0.5501058508846123
      ]
    },
    "10": {
      "size": 0.025,
      "extrinsics": [
        -0.014635254915624212,
        -0.009045084971874737,
        0.0,
        -0.06157173746151508,
        -1.6467657103520579,
        0.9181320165463199
      ]
    },
    "11": {
      "size": 0.025,
      "extrinsics": [
        0.0,
        -0.014635254915624212,
        -0.009045084971874737,
        0.0,
        2.743935358117057,
        -1.5298441592411878
      ]
    },
    "12": {
      "size": 0.025,
      "extrinsics": [
        -0.009045084971874739,
        0.0,
        -0.014635254915624212,
        2.906214378879753,
        -0.4602991378619866,
        -0.8255946019474183
      ]
    }
  }
}