{
  "faces": [
    {
      "face_index": 0,
      "aruco_id": 0,
      "vertices": [
        [
          0.0085,
          0.0085,
          0.0085
        ],
        [
          0.0,
          0.005253288904374106,
          0.013753288904374108
        ],
        [
          0.0,
          -0.005253288904374106,
          0.013753288904374108
        ],
        [
          0.0085,
          -0.0085,
          0.0085
        ],
        [
          0.013753288904374108,
          0.0,
          0.005253288904374106
        ]
      ],
      "center": [
        0.006150657780874822,
        0.0,
        0.009951973342624463
      ],
      "extrinsics": [
        0.006150657780874822,
        0.0,
        0.009951973342624463,
        -0.6908215660745697,
        0.22446153340008976,
        -2.4317934780949697
      ]
    },
    {
      "face_index": 1,
      "aruco_id": 1,
      "vertices": [
        [
          0.005253288904374106,
          0.013753288904374108,
          0.0
        ],
        [
          0.0085,
          0.0085,
          0.0085
        ],
        [
          0.013753288904374108,
          0.0,
          0.005253288904374106
        ],
        [
          0.013753288904374108,
          0.0,
          -0.005253288904374106
        ],
        [
          0.0085,
          0.0085,
          -0.0085
        ]
      ],
      "center": [
        0.009951973342624463,
        0.006150657780874822,
        0.0
      ],
      "extrinsics": [
        0.009951973342624463,
        0.006150657780874822,
        0.0,
        -1.8661174132912794,
        -0.22446153340009006,
        -1.7054206976784396
      ]
    },
    {
      "face_index": 2,
      "aruco_id": 3,
      "vertices": [
        [
          -0.0085,
          0.0085,
          0.0085
        ],
        [
          0.0,
          0.005253288904374106,
          0.013753288904374108
        ],
        [
          0.0085,
          0.0085,
          0.0085
        ],
        [
          0.005253288904374106,
          0.013753288904374108,
          0.0
        ],
        [
          -0.005253288904374106,
          0.013753288904374108,
          0.0
        ]
      ],
      "center": [
        0.0,
        0.009951973342624463,
        0.006150657780874822
      ],
      "extrinsics": [
        0.0,
        0.009951973342624463,
        0.006150657780874822,
        -0.9382187097031834,
        -0.4780463097855975,
        -0.8574260092535873
      ]
    },
    {
      "face_index": 3,
      "aruco_id": 4,
      "vertices": [
        [
          -0.0085,
          -0.0085,
          0.0085
        ],
        [
          0.0,
          -0.005253288904374106,
          0.013753288904374108
        ],
        [
          0.0,
          0.005253288904374106,
          0.013753288904374108
        ],
        [
          -0.0085,
          0.0085,
          0.0085
        ],
        [
          -0.013753288904374108,
          0.0,
          0.005253288904374106
        ]
      ],
      "center": [
        -0.006150657780874822,
        0.0,
        0.009951973342624463
      ],
      "extrinsics": [
        -0.006150657780874822,
        0.0,
        0.009951973342624463,
        -2.1562964127855815e-17,
        -0.5535743588970453,
        4.3070249267137435e-17
      ]
    },
    {
      "face_index": 4,
      "aruco_id": 5,
      "vertices": [
        [
          0.0085,
          -0.0085,
          0.0085
        ],
        [
          0.0,
          -0.005253288904374106,
          0.013753288904374108
        ],
        [
          -0.0085,
          -0.0085,
          0.0085
        ],
        [
          -0.005253288904374106,
          -0.013753288904374108,
          0.0
        ],
        [
          0.005253288904374106,
          -0.013753288904374108,
          0.0
        ]
      ],
      "center": [
        0.0,
        -0.009951973342624463,
        0.006150657780874822
      ],
      "extrinsics": [
        0.0,
        -0.009951973342624463,
        0.006150657780874822,
        0.9056608446728306,
        -0.5659197050603658,
        1.0150361258630003
      ]
    },
    {
      "face_index": 5,
      "aruco_id": 6,
      "vertices": [
        [
          0.013753288904374108,
          0.0,
          0.005253288904374106
        ],
        [
          0.0085,
          -0.0085,
          0.0085
        ],
        [
          0.005253288904374106,
          -0.013753288904374108,
          0.0
        ],
        [
          0.0085,
          -0.0085,
          -0.0085
        ],
        [
          0.013753288904374108,
          0.0,
          -0.005253288904374106
        ]
      ],
      "center": [
        0.009951973342624463,
        -0.006150657780874822,
        -1.7347234759768072e-19
      ],
      "extrinsics": [
        0.009951973342624463,
        -0.006150657780874822,
        -1.7347234759768072e-19,
        1.8661174132912792,
        -0.22446153340008976,
        1.7054206976784396
      ]
    },
    {
      "face_index": 6,
      "aruco_id": 7,
      "vertices": [
        [
          0.013753288904374108,
          0.0,
          -0.005253288904374106
        ],
        [
          0.0085,
          -0.0085,
          -0.0085
        ],
        [
          0.0,
          -0.005253288904374106,
          -0.013753288904374108
        ],
        [
          0.0,
          0.005253288904374106,
          -0.013753288904374108
        ],
        [
          0.0085,
          0.0085,
          -0.0085
        ]
      ],
      "center": [
        0.006150657780874822,
        0.0,
        -0.009951973342624463
      ],
      "extrinsics": [
        0.006150657780874822,
        0.0,
        -0.009951973342624463,
        3.0220184780201853,
        -0.0,
        0.858492119704032
      ]
    },
    {
      "face_index": 7,
      "aruco_id": 8,
      "vertices": [
        [
          -0.005253288904374106,
          0.013753288904374108,
          0.0
        ],
        [
          0.005253288904374106,
          0.013753288904374108,
          0.0
        ],
        [
          0.0085,
          0.0085,
          -0.0085
        ],
        [
          0.0,
          0.005253288904374106,
          -0.013753288904374108
        ],
        [
          -0.0085,
          0.0085,
          -0.0085
        ]
      ],
      "center": [
        0.0,
        0.009951973342624465,
        -0.006150657780874822
      ],
      "extrinsics": [
        0.0,
        0.009951973342624465,
        -0.006150657780874822,
        -1.8787652537508768,
        -1.1288760533762232,
        -0.6293896216090029
      ]
    },
    {
      "face_index": 8,
      "aruco_id": 9,
      "vertices": [
        [
          -0.013753288904374108,
          0.0,
          0.005253288904374106
        ],
        [
          -0.0085,
          0.0085,
          0.0085
        ],
        [
          -0.005253288904374106,
          0.013753288904374108,
          0.0
        ],
        [
          -0.0085,
          0.0085,
          -0.0085
        ],
        [
          -0.013753288904374108,
          0.0,
          -0.005253288904374106
        ]
      ],
      "center": [
        -0.009951973342624463,
        0.006150657780874822,
        -1.7347234759768072e-19
      ],
      "extrinsics": [
        -0.009951973342624463,
        0.006150657780874822,
        -1.7347234759768072e-19,
        -0.562058425282573,
        -1.4750722015051043,
        -0.29737589514560214
      ]
    },
    {
      "face_index": 9,
      "aruco_id": 10,